run,condition,layer,turn,projection,proj_norm
scenario_09_aa_feed_run00,aa_feed,32,0,-28.359699249267575,-8.123731231689451
scenario_09_aa_feed_run00,aa_feed,32,1,-19.20931434631348,1.0266536712646435
scenario_09_aa_feed_run00,aa_feed,32,2,-23.63200569152832,-3.3960376739501967
scenario_09_aa_feed_run00,aa_feed,32,3,-11.43833351135254,8.797634506225583
scenario_09_aa_feed_run00,aa_feed,32,4,-18.54048728942871,1.6954807281494126
scenario_09_aa_feed_run00,aa_feed,32,5,-19.96129035949707,0.27467765808105327
scenario_09_aa_feed_run00,aa_feed,32,6,-19.63802528381348,0.5979427337646435
scenario_09_aa_feed_run00,aa_feed,32,7,-21.174755096435547,-0.9387870788574233
scenario_09_aa_feed_run00,aa_feed,32,8,-16.685949325561523,3.5500186920166
scenario_09_aa_feed_run00,aa_feed,32,9,-14.995436668395996,5.2405313491821275
scenario_09_aa_feed_run00,aa_feed,32,10,-24.51475143432617,-4.278783416748045
scenario_09_aa_feed_run00,aa_feed,32,11,-29.37477302551269,-9.138805007934568
scenario_09_aa_feed_run00,aa_feed,32,12,-21.830224990844727,-1.594256973266603
scenario_09_aa_feed_run00,aa_feed,32,13,-15.79523754119873,4.440730476379393
scenario_09_aa_feed_run00,aa_feed,32,14,-15.461470603942873,4.774497413635251
scenario_09_aa_feed_run00,aa_feed,50,0,-9.123368263244627,-18.87291440963745
scenario_09_aa_feed_run00,aa_feed,50,1,17.8330020904541,8.08345594406128
scenario_09_aa_feed_run00,aa_feed,50,2,-2.8823742866516118,-12.631920433044433
scenario_09_aa_feed_run00,aa_feed,50,3,26.264137268066406,16.514591121673583
scenario_09_aa_feed_run00,aa_feed,50,4,16.656333923339844,6.906787776947022
scenario_09_aa_feed_run00,aa_feed,50,5,13.390560150146484,3.6410140037536625
scenario_09_aa_feed_run00,aa_feed,50,6,9.608219146728516,-0.14132699966430629
scenario_09_aa_feed_run00,aa_feed,50,7,10.806819915771484,1.0572737693786625
scenario_09_aa_feed_run00,aa_feed,50,8,16.91317367553711,7.1636275291442875
scenario_09_aa_feed_run00,aa_feed,50,9,21.545175552368164,11.795629405975342
scenario_09_aa_feed_run00,aa_feed,50,10,2.515055656433105,-7.234490489959716
scenario_09_aa_feed_run00,aa_feed,50,11,-12.11194133758545,-21.861487483978273
scenario_09_aa_feed_run00,aa_feed,50,12,10.704301834106444,0.9547556877136216
scenario_09_aa_feed_run00,aa_feed,50,13,20.586994171142575,10.837448024749753
scenario_09_aa_feed_run00,aa_feed,50,14,21.130550384521484,11.381004238128662
scenario_09_aa_feed_run01,aa_feed,32,0,-21.174755096435547,-5.401708412170411
scenario_09_aa_feed_run01,aa_feed,32,1,-11.43833351135254,4.334713172912595
scenario_09_aa_feed_run01,aa_feed,32,2,-15.461470603942873,0.31157608032226314
scenario_09_aa_feed_run01,aa_feed,32,3,-15.79523754119873,-0.02219085693359446
scenario_09_aa_feed_run01,aa_feed,32,4,-14.995436668395996,0.7776100158691399
scenario_09_aa_feed_run01,aa_feed,32,5,-24.51475143432617,-8.741704750061032
scenario_09_aa_feed_run01,aa_feed,32,6,-28.359699249267575,-12.586652565002439
scenario_09_aa_feed_run01,aa_feed,32,7,-16.685949325561523,-0.9129026412963874
scenario_09_aa_feed_run01,aa_feed,32,8,-21.830224990844727,-6.0571783065795906
scenario_09_aa_feed_run01,aa_feed,32,9,-19.63802528381348,-3.864978599548344
scenario_09_aa_feed_run01,aa_feed,32,10,-29.37477302551269,-13.601726341247556
scenario_09_aa_feed_run01,aa_feed,32,11,-18.54048728942871,-2.767440605163575
scenario_09_aa_feed_run01,aa_feed,32,12,-23.63200569152832,-7.858959007263184
scenario_09_aa_feed_run01,aa_feed,32,13,-19.96129035949707,-4.188243675231934
scenario_09_aa_feed_run01,aa_feed,32,14,-19.20931434631348,-3.436267662048344
scenario_09_aa_feed_run01,aa_feed,50,0,10.806819915771484,-9.259915542602538
scenario_09_aa_feed_run01,aa_feed,50,1,26.264137268066406,6.1974018096923835
scenario_09_aa_feed_run01,aa_feed,50,2,21.130550384521484,1.0638149261474616
scenario_09_aa_feed_run01,aa_feed,50,3,20.586994171142575,0.5202587127685518
scenario_09_aa_feed_run01,aa_feed,50,4,21.545175552368164,1.4784400939941413
scenario_09_aa_feed_run01,aa_feed,50,5,2.515055656433105,-17.551679801940917
scenario_09_aa_feed_run01,aa_feed,50,6,-9.123368263244627,-29.190103721618648
scenario_09_aa_feed_run01,aa_feed,50,7,16.91317367553711,-3.1535617828369134
scenario_09_aa_feed_run01,aa_feed,50,8,10.704301834106444,-9.36243362426758
scenario_09_aa_feed_run01,aa_feed,50,9,9.608219146728516,-10.458516311645507
scenario_09_aa_feed_run01,aa_feed,50,10,-12.11194133758545,-32.178676795959475
scenario_09_aa_feed_run01,aa_feed,50,11,16.656333923339844,-3.410401535034179
scenario_09_aa_feed_run01,aa_feed,50,12,-2.8823742866516118,-22.949109745025634
scenario_09_aa_feed_run01,aa_feed,50,13,13.390560150146484,-6.676175308227538
scenario_09_aa_feed_run01,aa_feed,50,14,17.8330020904541,-2.233733367919921
scenario_09_aa_feed_run02,aa_feed,32,0,-11.43833351135254,6.787626075744628
scenario_09_aa_feed_run02,aa_feed,32,1,-18.54048728942871,-0.31452770233154226
scenario_09_aa_feed_run02,aa_feed,32,2,-15.461470603942873,2.764488983154296
scenario_09_aa_feed_run02,aa_feed,32,3,-24.51475143432617,-6.288791847229
scenario_09_aa_feed_run02,aa_feed,32,4,-21.174755096435547,-2.948795509338378
scenario_09_aa_feed_run02,aa_feed,32,5,-29.37477302551269,-11.148813438415523
scenario_09_aa_feed_run02,aa_feed,32,6,-16.685949325561523,1.5400102615356452
scenario_09_aa_feed_run02,aa_feed,32,7,-21.830224990844727,-3.604265403747558
scenario_09_aa_feed_run02,aa_feed,32,8,-19.96129035949707,-1.7353307723999016
scenario_09_aa_feed_run02,aa_feed,32,9,-23.63200569152832,-5.406046104431152
scenario_09_aa_feed_run02,aa_feed,32,10,-15.79523754119873,2.430722045898438
scenario_09_aa_feed_run02,aa_feed,32,11,-14.995436668395996,3.2305229187011726
scenario_09_aa_feed_run02,aa_feed,32,12,-28.359699249267575,-10.133739662170406
scenario_09_aa_feed_run02,aa_feed,32,13,-19.63802528381348,-1.4120656967163114
scenario_09_aa_feed_run02,aa_feed,32,14,-19.20931434631348,-0.9833547592163114
scenario_09_aa_feed_run02,aa_feed,50,0,26.264137268066406,10.789557838439942
scenario_09_aa_feed_run02,aa_feed,50,1,16.656333923339844,1.1817544937133793
scenario_09_aa_feed_run02,aa_feed,50,2,21.130550384521484,5.65597095489502
scenario_09_aa_feed_run02,aa_feed,50,3,2.515055656433105,-12.959523773193359
scenario_09_aa_feed_run02,aa_feed,50,4,10.806819915771484,-4.66775951385498
scenario_09_aa_feed_run02,aa_feed,50,5,-12.11194133758545,-27.586520767211915
scenario_09_aa_feed_run02,aa_feed,50,6,16.91317367553711,1.4385942459106449
scenario_09_aa_feed_run02,aa_feed,50,7,10.704301834106444,-4.770277595520021
scenario_09_aa_feed_run02,aa_feed,50,8,13.390560150146484,-2.08401927947998
scenario_09_aa_feed_run02,aa_feed,50,9,-2.8823742866516118,-18.356953716278078
scenario_09_aa_feed_run02,aa_feed,50,10,20.586994171142575,5.11241474151611
scenario_09_aa_feed_run02,aa_feed,50,11,21.545175552368164,6.0705961227417
scenario_09_aa_feed_run02,aa_feed,50,12,-9.123368263244627,-24.59794769287109
scenario_09_aa_feed_run02,aa_feed,50,13,9.608219146728516,-5.866360282897949
scenario_09_aa_feed_run02,aa_feed,50,14,17.8330020904541,2.358422660827637
scenario_09_aa_feed_run03,aa_feed,32,0,-23.63200569152832,-3.677485084533693
scenario_09_aa_feed_run03,aa_feed,32,1,-19.20931434631348,0.7452062606811474
scenario_09_aa_feed_run03,aa_feed,32,2,-19.96129035949707,-0.006769752502442827
scenario_09_aa_feed_run03,aa_feed,32,3,-21.174755096435547,-1.2202344894409194
scenario_09_aa_feed_run03,aa_feed,32,4,-15.79523754119873,4.159283065795897
scenario_09_aa_feed_run03,aa_feed,32,5,-24.51475143432617,-4.560230827331541
scenario_09_aa_feed_run03,aa_feed,32,6,-19.63802528381348,0.31649532318114737
scenario_09_aa_feed_run03,aa_feed,32,7,-28.359699249267575,-8.405178642272947
scenario_09_aa_feed_run03,aa_feed,32,8,-29.37477302551269,-9.420252418518064
scenario_09_aa_feed_run03,aa_feed,32,9,-18.54048728942871,1.4140333175659165
scenario_09_aa_feed_run03,aa_feed,32,10,-16.685949325561523,3.268571281433104
scenario_09_aa_feed_run03,aa_feed,32,11,-15.461470603942873,4.493050003051755
scenario_09_aa_feed_run03,aa_feed,32,12,-21.830224990844727,-1.875704383850099
scenario_09_aa_feed_run03,aa_feed,32,13,-14.995436668395996,4.959083938598631
scenario_09_aa_feed_run03,aa_feed,32,14,-11.43833351135254,8.516187095642087
scenario_09_aa_feed_run03,aa_feed,50,0,-2.8823742866516118,-14.829374694824219
scenario_09_aa_feed_run03,aa_feed,50,1,17.8330020904541,5.886001682281494
scenario_09_aa_feed_run03,aa_feed,50,2,13.390560150146484,1.4435597419738766
scenario_09_aa_feed_run03,aa_feed,50,3,10.806819915771484,-1.1401804924011234
scenario_09_aa_feed_run03,aa_feed,50,4,20.586994171142575,8.639993762969967
scenario_09_aa_feed_run03,aa_feed,50,5,2.515055656433105,-9.431944751739502
scenario_09_aa_feed_run03,aa_feed,50,6,9.608219146728516,-2.338781261444092
scenario_09_aa_feed_run03,aa_feed,50,7,-9.123368263244627,-21.070368671417235
scenario_09_aa_feed_run03,aa_feed,50,8,-12.11194133758545,-24.058941745758055
scenario_09_aa_feed_run03,aa_feed,50,9,16.656333923339844,4.709333515167236
scenario_09_aa_feed_run03,aa_feed,50,10,16.91317367553711,4.966173267364502
scenario_09_aa_feed_run03,aa_feed,50,11,21.130550384521484,9.183549976348877
scenario_09_aa_feed_run03,aa_feed,50,12,10.704301834106444,-1.2426985740661642
scenario_09_aa_feed_run03,aa_feed,50,13,21.545175552368164,9.598175144195556
scenario_09_aa_feed_run03,aa_feed,50,14,26.264137268066406,14.317136859893798
scenario_09_aa_feed_run04,aa_feed,32,0,-16.685949325561523,7.827486419677733
scenario_09_aa_feed_run04,aa_feed,32,1,-24.51475143432617,-0.0013156890869119309
scenario_09_aa_feed_run04,aa_feed,32,2,-23.63200569152832,0.8814300537109361
scenario_09_aa_feed_run04,aa_feed,32,3,-29.37477302551269,-4.861337280273435
scenario_09_aa_feed_run04,aa_feed,32,4,-28.359699249267575,-3.846263504028318
scenario_09_aa_feed_run04,aa_feed,32,5,-21.830224990844727,2.68321075439453
scenario_09_aa_feed_run04,aa_feed,32,6,-21.174755096435547,3.3386806488037095
scenario_09_aa_feed_run04,aa_feed,32,7,-18.54048728942871,5.9729484558105455
scenario_09_aa_feed_run04,aa_feed,32,8,-15.79523754119873,8.718198204040526
scenario_09_aa_feed_run04,aa_feed,32,9,-19.96129035949707,4.552145385742186
scenario_09_aa_feed_run04,aa_feed,32,10,-19.20931434631348,5.304121398925776
scenario_09_aa_feed_run04,aa_feed,32,11,-19.63802528381348,4.875410461425776
scenario_09_aa_feed_run04,aa_feed,32,12,-11.43833351135254,13.075102233886716
scenario_09_aa_feed_run04,aa_feed,32,13,-15.461470603942873,9.051965141296384
scenario_09_aa_feed_run04,aa_feed,32,14,-14.995436668395996,9.51799907684326
scenario_09_aa_feed_run04,aa_feed,50,0,16.91317367553711,17.851064586639403
scenario_09_aa_feed_run04,aa_feed,50,1,2.515055656433105,3.4529465675354
scenario_09_aa_feed_run04,aa_feed,50,2,-2.8823742866516118,-1.9444833755493172
scenario_09_aa_feed_run04,aa_feed,50,3,-12.11194133758545,-11.174050426483154
scenario_09_aa_feed_run04,aa_feed,50,4,-9.123368263244627,-8.185477352142332
scenario_09_aa_feed_run04,aa_feed,50,5,10.704301834106444,11.642192745208739
scenario_09_aa_feed_run04,aa_feed,50,6,10.806819915771484,11.74471082687378
scenario_09_aa_feed_run04,aa_feed,50,7,16.656333923339844,17.594224834442137
scenario_09_aa_feed_run04,aa_feed,50,8,20.586994171142575,21.524885082244868
scenario_09_aa_feed_run04,aa_feed,50,9,13.390560150146484,14.32845106124878
scenario_09_aa_feed_run04,aa_feed,50,10,17.8330020904541,18.770893001556395
scenario_09_aa_feed_run04,aa_feed,50,11,9.608219146728516,10.546110057830811
scenario_09_aa_feed_run04,aa_feed,50,12,26.264137268066406,27.2020281791687
scenario_09_aa_feed_run04,aa_feed,50,13,21.130550384521484,22.068441295623778
scenario_09_aa_feed_run04,aa_feed,50,14,21.545175552368164,22.483066463470458
scenario_09_mb_0_feed_run00,mb_0_feed,32,0,-18.582035064697266,1.107320785522461
scenario_09_mb_0_feed_run00,mb_0_feed,32,1,-21.14902687072754,-1.4596710205078125
scenario_09_mb_0_feed_run00,mb_0_feed,32,2,-19.71622467041016,-0.02686882019043324
scenario_09_mb_0_feed_run00,mb_0_feed,32,3,-20.856609344482425,-1.1672534942626989
scenario_09_mb_0_feed_run00,mb_0_feed,32,4,-18.14288330078125,1.5464725494384766
scenario_09_mb_0_feed_run00,mb_0_feed,32,5,-14.087953567504885,5.601402282714842
scenario_09_mb_0_feed_run00,mb_0_feed,32,6,-18.418535232543945,1.2708206176757812
scenario_09_mb_0_feed_run00,mb_0_feed,32,7,-19.782028198242188,-0.09267234802246094
scenario_09_mb_0_feed_run00,mb_0_feed,32,8,-18.963197708129883,0.7261581420898438
scenario_09_mb_0_feed_run00,mb_0_feed,32,9,-23.450031280517575,-3.760675430297848
scenario_09_mb_0_feed_run00,mb_0_feed,32,10,-20.475027084350582,-0.7856712341308558
scenario_09_mb_0_feed_run00,mb_0_feed,32,11,-20.77207946777344,-1.0827236175537145
scenario_09_mb_0_feed_run00,mb_0_feed,32,12,-20.96601676940918,-1.2766609191894531
scenario_09_mb_0_feed_run00,mb_0_feed,32,13,-22.094018936157227,-2.4046630859375
scenario_09_mb_0_feed_run00,mb_0_feed,32,14,-17.462940216064453,2.2264156341552734
scenario_09_mb_0_feed_run00,mb_0_feed,50,0,14.466196060180664,2.441459465026856
scenario_09_mb_0_feed_run00,mb_0_feed,50,1,10.639817237854004,-1.384919357299804
scenario_09_mb_0_feed_run00,mb_0_feed,50,2,12.47841453552246,0.4536779403686513
scenario_09_mb_0_feed_run00,mb_0_feed,50,3,9.509614944458008,-2.5151216506958
scenario_09_mb_0_feed_run00,mb_0_feed,50,4,13.029640197753906,1.0049036026000984
scenario_09_mb_0_feed_run00,mb_0_feed,50,5,13.951171875,1.9264352798461921
scenario_09_mb_0_feed_run00,mb_0_feed,50,6,12.145000457763672,0.12026386260986399
scenario_09_mb_0_feed_run00,mb_0_feed,50,7,13.28344440460205,1.258707809448243
scenario_09_mb_0_feed_run00,mb_0_feed,50,8,10.652987480163574,-1.3717491149902337
scenario_09_mb_0_feed_run00,mb_0_feed,50,9,2.377727031707764,-9.647009563446044
scenario_09_mb_0_feed_run00,mb_0_feed,50,10,9.935378074645996,-2.089358520507812
scenario_09_mb_0_feed_run00,mb_0_feed,50,11,11.298643112182615,-0.7260934829711925
scenario_09_mb_0_feed_run00,mb_0_feed,50,12,10.276681900024414,-1.7480546951293938
scenario_09_mb_0_feed_run00,mb_0_feed,50,13,6.221856117248535,-5.802880477905273
scenario_09_mb_0_feed_run00,mb_0_feed,50,14,15.917963981628418,3.89322738647461
scenario_09_mb_0_feed_run01,mb_0_feed,32,0,-19.71622467041016,-0.7878833770752003
scenario_09_mb_0_feed_run01,mb_0_feed,32,1,-19.782028198242188,-0.853686904907228
scenario_09_mb_0_feed_run01,mb_0_feed,32,2,-18.582035064697266,0.3463062286376939
scenario_09_mb_0_feed_run01,mb_0_feed,32,3,-18.418535232543945,0.5098060607910142
scenario_09_mb_0_feed_run01,mb_0_feed,32,4,-18.14288330078125,0.7854579925537095
scenario_09_mb_0_feed_run01,mb_0_feed,32,5,-17.462940216064453,1.4654010772705064
scenario_09_mb_0_feed_run01,mb_0_feed,32,6,-23.450031280517575,-4.521689987182615
scenario_09_mb_0_feed_run01,mb_0_feed,32,7,-20.96601676940918,-2.03767547607422
scenario_09_mb_0_feed_run01,mb_0_feed,32,8,-20.77207946777344,-1.8437381744384815
scenario_09_mb_0_feed_run01,mb_0_feed,32,9,-21.14902687072754,-2.2206855773925795
scenario_09_mb_0_feed_run01,mb_0_feed,32,10,-14.087953567504885,4.840387725830075
scenario_09_mb_0_feed_run01,mb_0_feed,32,11,-18.963197708129883,-0.034856414794923296
scenario_09_mb_0_feed_run01,mb_0_feed,32,12,-20.475027084350582,-1.5466857910156229
scenario_09_mb_0_feed_run01,mb_0_feed,32,13,-22.094018936157227,-3.165677642822267
scenario_09_mb_0_feed_run01,mb_0_feed,32,14,-20.856609344482425,-1.928268051147466
scenario_09_mb_0_feed_run01,mb_0_feed,50,0,12.47841453552246,-0.602124595642092
scenario_09_mb_0_feed_run01,mb_0_feed,50,1,13.28344440460205,0.20290527343749964
scenario_09_mb_0_feed_run01,mb_0_feed,50,2,14.466196060180664,1.385656929016113
scenario_09_mb_0_feed_run01,mb_0_feed,50,3,12.145000457763672,-0.9355386734008793
scenario_09_mb_0_feed_run01,mb_0_feed,50,4,13.029640197753906,-0.050898933410644887
scenario_09_mb_0_feed_run01,mb_0_feed,50,5,15.917963981628418,2.837424850463867
scenario_09_mb_0_feed_run01,mb_0_feed,50,6,2.377727031707764,-10.702812099456787
scenario_09_mb_0_feed_run01,mb_0_feed,50,7,10.276681900024414,-2.803857231140137
scenario_09_mb_0_feed_run01,mb_0_feed,50,8,11.298643112182615,-1.7818960189819357
scenario_09_mb_0_feed_run01,mb_0_feed,50,9,10.639817237854004,-2.4407218933105472
scenario_09_mb_0_feed_run01,mb_0_feed,50,10,13.951171875,0.8706327438354489
scenario_09_mb_0_feed_run01,mb_0_feed,50,11,10.652987480163574,-2.427551651000977
scenario_09_mb_0_feed_run01,mb_0_feed,50,12,9.935378074645996,-3.145161056518555
scenario_09_mb_0_feed_run01,mb_0_feed,50,13,6.221856117248535,-6.858683013916016
scenario_09_mb_0_feed_run01,mb_0_feed,50,14,9.509614944458008,-3.5709241867065433
scenario_09_mb_0_feed_run02,mb_0_feed,32,0,-17.462940216064453,1.317453384399414
scenario_09_mb_0_feed_run02,mb_0_feed,32,1,-14.087953567504885,4.692440032958983
scenario_09_mb_0_feed_run02,mb_0_feed,32,2,-22.094018936157227,-3.3136253356933594
scenario_09_mb_0_feed_run02,mb_0_feed,32,3,-19.782028198242188,-1.0016345977783203
scenario_09_mb_0_feed_run02,mb_0_feed,32,4,-20.475027084350582,-1.6946334838867152
scenario_09_mb_0_feed_run02,mb_0_feed,32,5,-20.77207946777344,-1.9916858673095739
scenario_09_mb_0_feed_run02,mb_0_feed,32,6,-20.856609344482425,-2.0762157440185582
scenario_09_mb_0_feed_run02,mb_0_feed,32,7,-18.14288330078125,0.6375102996826172
scenario_09_mb_0_feed_run02,mb_0_feed,32,8,-18.582035064697266,0.19835853576660156
scenario_09_mb_0_feed_run02,mb_0_feed,32,9,-18.963197708129883,-0.18280410766601562
scenario_09_mb_0_feed_run02,mb_0_feed,32,10,-23.450031280517575,-4.669637680053707
scenario_09_mb_0_feed_run02,mb_0_feed,32,11,-21.14902687072754,-2.368633270263672
scenario_09_mb_0_feed_run02,mb_0_feed,32,12,-19.71622467041016,-0.9358310699462926
scenario_09_mb_0_feed_run02,mb_0_feed,32,13,-18.418535232543945,0.3618583679199219
scenario_09_mb_0_feed_run02,mb_0_feed,32,14,-20.96601676940918,-2.1856231689453125
scenario_09_mb_0_feed_run02,mb_0_feed,50,0,15.917963981628418,4.056001091003418
scenario_09_mb_0_feed_run02,mb_0_feed,50,1,13.951171875,2.0892089843750004
scenario_09_mb_0_feed_run02,mb_0_feed,50,2,6.221856117248535,-5.6401067733764645
scenario_09_mb_0_feed_run02,mb_0_feed,50,3,13.28344440460205,1.4214815139770511
scenario_09_mb_0_feed_run02,mb_0_feed,50,4,9.935378074645996,-1.9265848159790036
scenario_09_mb_0_feed_run02,mb_0_feed,50,5,11.298643112182615,-0.5633197784423842
scenario_09_mb_0_feed_run02,mb_0_feed,50,6,9.509614944458008,-2.352347946166992
scenario_09_mb_0_feed_run02,mb_0_feed,50,7,13.029640197753906,1.1676773071289066
scenario_09_mb_0_feed_run02,mb_0_feed,50,8,14.466196060180664,2.6042331695556644
scenario_09_mb_0_feed_run02,mb_0_feed,50,9,10.652987480163574,-1.2089754104614254
scenario_09_mb_0_feed_run02,mb_0_feed,50,10,2.377727031707764,-9.484235858917236
scenario_09_mb_0_feed_run02,mb_0_feed,50,11,10.639817237854004,-1.2221456527709957
scenario_09_mb_0_feed_run02,mb_0_feed,50,12,12.47841453552246,0.6164516448974595
scenario_09_mb_0_feed_run02,mb_0_feed,50,13,12.145000457763672,0.28303756713867223
scenario_09_mb_0_feed_run02,mb_0_feed,50,14,10.276681900024414,-1.5852809906005856
scenario_09_mb_0_feed_run03,mb_0_feed,32,0,-19.71622467041016,-1.379756927490238
scenario_09_mb_0_feed_run03,mb_0_feed,32,1,-20.77207946777344,-2.435611724853519
scenario_09_mb_0_feed_run03,mb_0_feed,32,2,-18.14288330078125,0.19358444213867188
scenario_09_mb_0_feed_run03,mb_0_feed,32,3,-14.087953567504885,4.248514175415037
scenario_09_mb_0_feed_run03,mb_0_feed,32,4,-18.963197708129883,-0.6267299652099609
scenario_09_mb_0_feed_run03,mb_0_feed,32,5,-18.418535232543945,-0.08206748962402344
scenario_09_mb_0_feed_run03,mb_0_feed,32,6,-23.450031280517575,-5.113563537597653
scenario_09_mb_0_feed_run03,mb_0_feed,32,7,-21.14902687072754,-2.812559127807617
scenario_09_mb_0_feed_run03,mb_0_feed,32,8,-20.475027084350582,-2.1385593414306605
scenario_09_mb_0_feed_run03,mb_0_feed,32,9,-22.094018936157227,-3.7575511932373047
scenario_09_mb_0_feed_run03,mb_0_feed,32,10,-20.96601676940918,-2.629549026489258
scenario_09_mb_0_feed_run03,mb_0_feed,32,11,-17.462940216064453,0.8735275268554688
scenario_09_mb_0_feed_run03,mb_0_feed,32,12,-20.856609344482425,-2.5201416015625036
scenario_09_mb_0_feed_run03,mb_0_feed,32,13,-18.582035064697266,-0.24556732177734375
scenario_09_mb_0_feed_run03,mb_0_feed,32,14,-19.782028198242188,-1.4455604553222656
scenario_09_mb_0_feed_run03,mb_0_feed,50,0,12.47841453552246,0.19624309539794815
scenario_09_mb_0_feed_run03,mb_0_feed,50,1,11.298643112182615,-0.9835283279418956
scenario_09_mb_0_feed_run03,mb_0_feed,50,2,13.029640197753906,0.7474687576293952
scenario_09_mb_0_feed_run03,mb_0_feed,50,3,13.951171875,1.669000434875489
scenario_09_mb_0_feed_run03,mb_0_feed,50,4,10.652987480163574,-1.6291839599609368
scenario_09_mb_0_feed_run03,mb_0_feed,50,5,12.145000457763672,-0.13717098236083913
scenario_09_mb_0_feed_run03,mb_0_feed,50,6,2.377727031707764,-9.904444408416747
scenario_09_mb_0_feed_run03,mb_0_feed,50,7,10.639817237854004,-1.642354202270507
scenario_09_mb_0_feed_run03,mb_0_feed,50,8,9.935378074645996,-2.346793365478515
scenario_09_mb_0_feed_run03,mb_0_feed,50,9,6.221856117248535,-6.060315322875976
scenario_09_mb_0_feed_run03,mb_0_feed,50,10,10.276681900024414,-2.005489540100097
scenario_09_mb_0_feed_run03,mb_0_feed,50,11,15.917963981628418,3.635792541503907
scenario_09_mb_0_feed_run03,mb_0_feed,50,12,9.509614944458008,-2.772556495666503
scenario_09_mb_0_feed_run03,mb_0_feed,50,13,14.466196060180664,2.184024620056153
scenario_09_mb_0_feed_run03,mb_0_feed,50,14,13.28344440460205,1.0012729644775398
scenario_09_mb_0_feed_run04,mb_0_feed,32,0,-14.087953567504885,5.10275535583496
scenario_09_mb_0_feed_run04,mb_0_feed,32,1,-20.77207946777344,-1.5813705444335966
scenario_09_mb_0_feed_run04,mb_0_feed,32,2,-18.14288330078125,1.0478256225585945
scenario_09_mb_0_feed_run04,mb_0_feed,32,3,-20.856609344482425,-1.665900421142581
scenario_09_mb_0_feed_run04,mb_0_feed,32,4,-22.094018936157227,-2.903310012817382
scenario_09_mb_0_feed_run04,mb_0_feed,32,5,-18.963197708129883,0.22751121520996165
scenario_09_mb_0_feed_run04,mb_0_feed,32,6,-21.14902687072754,-1.9583179473876946
scenario_09_mb_0_feed_run04,mb_0_feed,32,7,-17.462940216064453,1.7277687072753913
scenario_09_mb_0_feed_run04,mb_0_feed,32,8,-18.582035064697266,0.6086738586425788
scenario_09_mb_0_feed_run04,mb_0_feed,32,9,-19.71622467041016,-0.5255157470703153
scenario_09_mb_0_feed_run04,mb_0_feed,32,10,-20.475027084350582,-1.284318161010738
scenario_09_mb_0_feed_run04,mb_0_feed,32,11,-23.450031280517575,-4.25932235717773
scenario_09_mb_0_feed_run04,mb_0_feed,32,12,-19.782028198242188,-0.591319274902343
scenario_09_mb_0_feed_run04,mb_0_feed,32,13,-20.96601676940918,-1.7753078460693352
scenario_09_mb_0_feed_run04,mb_0_feed,32,14,-18.418535232543945,0.7721736907958991
scenario_09_mb_0_feed_run04,mb_0_feed,50,0,13.951171875,3.1489866256713874
scenario_09_mb_0_feed_run04,mb_0_feed,50,1,11.298643112182615,0.49645786285400284
scenario_09_mb_0_feed_run04,mb_0_feed,50,2,13.029640197753906,2.2274549484252937
scenario_09_mb_0_feed_run04,mb_0_feed,50,3,9.509614944458008,-1.2925703048706048
scenario_09_mb_0_feed_run04,mb_0_feed,50,4,6.221856117248535,-4.580329132080077
scenario_09_mb_0_feed_run04,mb_0_feed,50,5,10.652987480163574,-0.14919776916503835
scenario_09_mb_0_feed_run04,mb_0_feed,50,6,10.639817237854004,-0.16236801147460866
scenario_09_mb_0_feed_run04,mb_0_feed,50,7,15.917963981628418,5.115778732299805
scenario_09_mb_0_feed_run04,mb_0_feed,50,8,14.466196060180664,3.6640108108520515
scenario_09_mb_0_feed_run04,mb_0_feed,50,9,12.47841453552246,1.6762292861938466
scenario_09_mb_0_feed_run04,mb_0_feed,50,10,9.935378074645996,-0.8668071746826165
scenario_09_mb_0_feed_run04,mb_0_feed,50,11,2.377727031707764,-8.424458217620849
scenario_09_mb_0_feed_run04,mb_0_feed,50,12,13.28344440460205,2.481259155273438
scenario_09_mb_0_feed_run04,mb_0_feed,50,13,10.276681900024414,-0.5255033493041985
scenario_09_mb_0_feed_run04,mb_0_feed,50,14,12.145000457763672,1.3428152084350593
scenario_09_mb_1_feed_run00,mb_1_feed,32,0,-22.31171417236328,-2.153094863891603
scenario_09_mb_1_feed_run00,mb_1_feed,32,1,-19.193735122680664,0.9648841857910142
scenario_09_mb_1_feed_run00,mb_1_feed,32,2,-17.56648826599121,2.5921310424804673
scenario_09_mb_1_feed_run00,mb_1_feed,32,3,-22.16355323791504,-2.004933929443361
scenario_09_mb_1_feed_run00,mb_1_feed,32,4,-19.557605743408203,0.6010135650634751
scenario_09_mb_1_feed_run00,mb_1_feed,32,5,-19.829465866088867,0.3291534423828111
scenario_09_mb_1_feed_run00,mb_1_feed,32,6,-19.90511512756348,0.25350418090819815
scenario_09_mb_1_feed_run00,mb_1_feed,32,7,-19.87870407104492,0.27991523742675994
scenario_09_mb_1_feed_run00,mb_1_feed,32,8,-19.33879280090332,0.819826507568358
scenario_09_mb_1_feed_run00,mb_1_feed,32,9,-17.899738311767578,2.2588809967041
scenario_09_mb_1_feed_run00,mb_1_feed,32,10,-19.817359924316406,0.341259384155272
scenario_09_mb_1_feed_run00,mb_1_feed,32,11,-19.769411087036133,0.38920822143554545
scenario_09_mb_1_feed_run00,mb_1_feed,32,12,-21.435630798339844,-1.2770114898681655
scenario_09_mb_1_feed_run00,mb_1_feed,32,13,-17.78400230407715,2.37461700439453
scenario_09_mb_1_feed_run00,mb_1_feed,32,14,-21.67557907104492,-1.51695976257324
scenario_09_mb_1_feed_run00,mb_1_feed,50,0,5.543276786804199,-5.629496383666993
scenario_09_mb_1_feed_run00,mb_1_feed,50,1,13.941446304321287,2.768673133850095
scenario_09_mb_1_feed_run00,mb_1_feed,50,2,14.181549072265623,3.008775901794431
scenario_09_mb_1_feed_run00,mb_1_feed,50,3,9.299026489257812,-1.8737466812133796
scenario_09_mb_1_feed_run00,mb_1_feed,50,4,12.898567199707031,1.7257940292358391
scenario_09_mb_1_feed_run00,mb_1_feed,50,5,12.864541053771973,1.6917678833007805
scenario_09_mb_1_feed_run00,mb_1_feed,50,6,13.488763809204102,2.3159906387329094
scenario_09_mb_1_feed_run00,mb_1_feed,50,7,10.928125381469728,-0.24464778900146378
scenario_09_mb_1_feed_run00,mb_1_feed,50,8,13.9287691116333,2.7559959411621087
scenario_09_mb_1_feed_run00,mb_1_feed,50,9,16.19003677368164,5.0172636032104485
scenario_09_mb_1_feed_run00,mb_1_feed,50,10,9.35224151611328,-1.8205316543579126
scenario_09_mb_1_feed_run00,mb_1_feed,50,11,15.284683227539062,4.11191005706787
scenario_09_mb_1_feed_run00,mb_1_feed,50,12,8.96690845489502,-2.2058647155761726
scenario_09_mb_1_feed_run00,mb_1_feed,50,13,16.399564743041992,5.2267915725708
scenario_09_mb_1_feed_run00,mb_1_feed,50,14,5.690402507781982,-5.48237066268921
scenario_09_mb_1_feed_run01,mb_1_feed,32,0,-17.56648826599121,1.379912185668946
scenario_09_mb_1_feed_run01,mb_1_feed,32,1,-19.829465866088867,-0.8830654144287102
scenario_09_mb_1_feed_run01,mb_1_feed,32,2,-17.899738311767578,1.0466621398925788
scenario_09_mb_1_feed_run01,mb_1_feed,32,3,-19.87870407104492,-0.9323036193847614
scenario_09_mb_1_feed_run01,mb_1_feed,32,4,-19.557605743408203,-0.6112052917480462
scenario_09_mb_1_feed_run01,mb_1_feed,32,5,-19.193735122680664,-0.2473346710205071
scenario_09_mb_1_feed_run01,mb_1_feed,32,6,-19.90511512756348,-0.9587146759033232
scenario_09_mb_1_feed_run01,mb_1_feed,32,7,-19.769411087036133,-0.8230106353759759
scenario_09_mb_1_feed_run01,mb_1_feed,32,8,-19.33879280090332,-0.39239234924316335
scenario_09_mb_1_feed_run01,mb_1_feed,32,9,-19.817359924316406,-0.8709594726562493
scenario_09_mb_1_feed_run01,mb_1_feed,32,10,-17.78400230407715,1.1623981475830085
scenario_09_mb_1_feed_run01,mb_1_feed,32,11,-21.435630798339844,-2.489230346679687
scenario_09_mb_1_feed_run01,mb_1_feed,32,12,-22.16355323791504,-3.217152786254882
scenario_09_mb_1_feed_run01,mb_1_feed,32,13,-21.67557907104492,-2.7291786193847614
scenario_09_mb_1_feed_run01,mb_1_feed,32,14,-22.31171417236328,-3.3653137207031243
scenario_09_mb_1_feed_run01,mb_1_feed,50,0,14.181549072265623,0.7689851760864244
scenario_09_mb_1_feed_run01,mb_1_feed,50,1,12.864541053771973,-0.5480228424072262
scenario_09_mb_1_feed_run01,mb_1_feed,50,2,16.19003677368164,2.7774728775024418
scenario_09_mb_1_feed_run01,mb_1_feed,50,3,10.928125381469728,-2.4844385147094705
scenario_09_mb_1_feed_run01,mb_1_feed,50,4,12.898567199707031,-0.5139966964721676
scenario_09_mb_1_feed_run01,mb_1_feed,50,5,13.941446304321287,0.5288824081420884
scenario_09_mb_1_feed_run01,mb_1_feed,50,6,13.488763809204102,0.0761999130249027
scenario_09_mb_1_feed_run01,mb_1_feed,50,7,15.284683227539062,1.8721193313598636
scenario_09_mb_1_feed_run01,mb_1_feed,50,8,13.9287691116333,0.5162052154541019
scenario_09_mb_1_feed_run01,mb_1_feed,50,9,9.35224151611328,-4.060322380065919
scenario_09_mb_1_feed_run01,mb_1_feed,50,10,16.399564743041992,2.9870008468627933
scenario_09_mb_1_feed_run01,mb_1_feed,50,11,8.96690845489502,-4.445655441284179
scenario_09_mb_1_feed_run01,mb_1_feed,50,12,9.299026489257812,-4.113537406921386
scenario_09_mb_1_feed_run01,mb_1_feed,50,13,5.690402507781982,-7.722161388397216
scenario_09_mb_1_feed_run01,mb_1_feed,50,14,5.543276786804199,-7.869287109375
scenario_09_mb_1_feed_run02,mb_1_feed,32,0,-19.557605743408203,-0.02222480773925639
scenario_09_mb_1_feed_run02,mb_1_feed,32,1,-19.33879280090332,0.19658813476562642
scenario_09_mb_1_feed_run02,mb_1_feed,32,2,-19.193735122680664,0.34164581298828267
scenario_09_mb_1_feed_run02,mb_1_feed,32,3,-19.769411087036133,-0.23403015136718608
scenario_09_mb_1_feed_run02,mb_1_feed,32,4,-19.817359924316406,-0.2819789886474595
scenario_09_mb_1_feed_run02,mb_1_feed,32,5,-21.67557907104492,-2.1401981353759716
scenario_09_mb_1_feed_run02,mb_1_feed,32,6,-19.829465866088867,-0.29408493041992045
scenario_09_mb_1_feed_run02,mb_1_feed,32,7,-21.435630798339844,-1.900249862670897
scenario_09_mb_1_feed_run02,mb_1_feed,32,8,-19.90511512756348,-0.3697341918945334
scenario_09_mb_1_feed_run02,mb_1_feed,32,9,-17.78400230407715,1.7513786315917983
scenario_09_mb_1_feed_run02,mb_1_feed,32,10,-22.16355323791504,-2.6281723022460923
scenario_09_mb_1_feed_run02,mb_1_feed,32,11,-22.31171417236328,-2.7763332366943345
scenario_09_mb_1_feed_run02,mb_1_feed,32,12,-17.56648826599121,1.9688926696777358
scenario_09_mb_1_feed_run02,mb_1_feed,32,13,-17.899738311767578,1.6356426239013686
scenario_09_mb_1_feed_run02,mb_1_feed,32,14,-19.87870407104492,-0.3433231353759716
scenario_09_mb_1_feed_run02,mb_1_feed,50,0,12.898567199707031,-0.18257427215576172
scenario_09_mb_1_feed_run02,mb_1_feed,50,1,13.9287691116333,0.8476276397705078
scenario_09_mb_1_feed_run02,mb_1_feed,50,2,13.941446304321287,0.8603048324584943
scenario_09_mb_1_feed_run02,mb_1_feed,50,3,15.284683227539062,2.2035417556762695
scenario_09_mb_1_feed_run02,mb_1_feed,50,4,9.35224151611328,-3.7288999557495135
scenario_09_mb_1_feed_run02,mb_1_feed,50,5,5.690402507781982,-7.3907389640808105
scenario_09_mb_1_feed_run02,mb_1_feed,50,6,12.864541053771973,-0.2166004180908203
scenario_09_mb_1_feed_run02,mb_1_feed,50,7,8.96690845489502,-4.114233016967773
scenario_09_mb_1_feed_run02,mb_1_feed,50,8,13.488763809204102,0.4076223373413086
scenario_09_mb_1_feed_run02,mb_1_feed,50,9,16.399564743041992,3.318423271179199
scenario_09_mb_1_feed_run02,mb_1_feed,50,10,9.299026489257812,-3.7821149826049805
scenario_09_mb_1_feed_run02,mb_1_feed,50,11,5.543276786804199,-7.537864685058594
scenario_09_mb_1_feed_run02,mb_1_feed,50,12,14.181549072265623,1.1004076004028303
scenario_09_mb_1_feed_run02,mb_1_feed,50,13,16.19003677368164,3.1088953018188477
scenario_09_mb_1_feed_run02,mb_1_feed,50,14,10.928125381469728,-2.1530160903930646
scenario_09_mb_1_feed_run03,mb_1_feed,32,0,-22.16355323791504,-1.2336074829101555
scenario_09_mb_1_feed_run03,mb_1_feed,32,1,-21.435630798339844,-0.5056850433349602
scenario_09_mb_1_feed_run03,mb_1_feed,32,2,-21.67557907104492,-0.7456333160400348
scenario_09_mb_1_feed_run03,mb_1_feed,32,3,-19.557605743408203,1.3723400115966804
scenario_09_mb_1_feed_run03,mb_1_feed,32,4,-19.817359924316406,1.1125858306884773
scenario_09_mb_1_feed_run03,mb_1_feed,32,5,-17.899738311767578,3.0302074432373054
scenario_09_mb_1_feed_run03,mb_1_feed,32,6,-19.193735122680664,1.7362106323242195
scenario_09_mb_1_feed_run03,mb_1_feed,32,7,-19.769411087036133,1.1605346679687507
scenario_09_mb_1_feed_run03,mb_1_feed,32,8,-17.56648826599121,3.3634574890136726
scenario_09_mb_1_feed_run03,mb_1_feed,32,9,-19.87870407104492,1.0512416839599652
scenario_09_mb_1_feed_run03,mb_1_feed,32,10,-22.31171417236328,-1.3817684173583977
scenario_09_mb_1_feed_run03,mb_1_feed,32,11,-19.829465866088867,1.1004798889160163
scenario_09_mb_1_feed_run03,mb_1_feed,32,12,-19.90511512756348,1.0248306274414034
scenario_09_mb_1_feed_run03,mb_1_feed,32,13,-17.78400230407715,3.145943450927735
scenario_09_mb_1_feed_run03,mb_1_feed,32,14,-19.33879280090332,1.5911529541015632
scenario_09_mb_1_feed_run03,mb_1_feed,50,0,9.299026489257812,0.057597255706786754
scenario_09_mb_1_feed_run03,mb_1_feed,50,1,8.96690845489502,-0.2745207786560062
scenario_09_mb_1_feed_run03,mb_1_feed,50,2,5.690402507781982,-3.5510267257690433
scenario_09_mb_1_feed_run03,mb_1_feed,50,3,12.898567199707031,3.6571379661560055
scenario_09_mb_1_feed_run03,mb_1_feed,50,4,9.35224151611328,0.11081228256225373
scenario_09_mb_1_feed_run03,mb_1_feed,50,5,16.19003677368164,6.948607540130615
scenario_09_mb_1_feed_run03,mb_1_feed,50,6,13.941446304321287,4.7000170707702615
scenario_09_mb_1_feed_run03,mb_1_feed,50,7,15.284683227539062,6.043253993988037
scenario_09_mb_1_feed_run03,mb_1_feed,50,8,14.181549072265623,4.9401198387145975
scenario_09_mb_1_feed_run03,mb_1_feed,50,9,10.928125381469728,1.6866961479187026
scenario_09_mb_1_feed_run03,mb_1_feed,50,10,5.543276786804199,-3.6981524467468265
scenario_09_mb_1_feed_run03,mb_1_feed,50,11,12.864541053771973,3.623111820220947
scenario_09_mb_1_feed_run03,mb_1_feed,50,12,13.488763809204102,4.247334575653076
scenario_09_mb_1_feed_run03,mb_1_feed,50,13,16.399564743041992,7.158135509490966
scenario_09_mb_1_feed_run03,mb_1_feed,50,14,13.9287691116333,4.687339878082275
scenario_09_mb_1_feed_run04,mb_1_feed,32,0,-19.193735122680664,0.936230087280272
scenario_09_mb_1_feed_run04,mb_1_feed,32,1,-19.817359924316406,0.31260528564452983
scenario_09_mb_1_feed_run04,mb_1_feed,32,2,-19.557605743408203,0.572359466552733
scenario_09_mb_1_feed_run04,mb_1_feed,32,3,-19.769411087036133,0.36055412292480327
scenario_09_mb_1_feed_run04,mb_1_feed,32,4,-22.31171417236328,-2.181748962402345
scenario_09_mb_1_feed_run04,mb_1_feed,32,5,-19.90511512756348,0.22485008239745596
scenario_09_mb_1_feed_run04,mb_1_feed,32,6,-17.899738311767578,2.230226898193358
scenario_09_mb_1_feed_run04,mb_1_feed,32,7,-21.67557907104492,-1.5456138610839822
scenario_09_mb_1_feed_run04,mb_1_feed,32,8,-17.78400230407715,2.3459629058837876
scenario_09_mb_1_feed_run04,mb_1_feed,32,9,-19.87870407104492,0.25126113891601776
scenario_09_mb_1_feed_run04,mb_1_feed,32,10,-22.16355323791504,-2.033588027954103
scenario_09_mb_1_feed_run04,mb_1_feed,32,11,-19.33879280090332,0.7911724090576158
scenario_09_mb_1_feed_run04,mb_1_feed,32,12,-19.829465866088867,0.3004993438720689
scenario_09_mb_1_feed_run04,mb_1_feed,32,13,-21.435630798339844,-1.3056655883789077
scenario_09_mb_1_feed_run04,mb_1_feed,32,14,-17.56648826599121,2.563476943969725
scenario_09_mb_1_feed_run04,mb_1_feed,50,0,13.941446304321287,2.537403297424314
scenario_09_mb_1_feed_run04,mb_1_feed,50,1,9.35224151611328,-2.051801490783694
scenario_09_mb_1_feed_run04,mb_1_feed,50,2,12.898567199707031,1.4945241928100579
scenario_09_mb_1_feed_run04,mb_1_feed,50,3,15.284683227539062,3.880640220642089
scenario_09_mb_1_feed_run04,mb_1_feed,50,4,5.543276786804199,-5.860766220092774
scenario_09_mb_1_feed_run04,mb_1_feed,50,5,13.488763809204102,2.084720802307128
scenario_09_mb_1_feed_run04,mb_1_feed,50,6,16.19003677368164,4.785993766784667
scenario_09_mb_1_feed_run04,mb_1_feed,50,7,5.690402507781982,-5.713640499114991
scenario_09_mb_1_feed_run04,mb_1_feed,50,8,16.399564743041992,4.995521736145019
scenario_09_mb_1_feed_run04,mb_1_feed,50,9,10.928125381469728,-0.47591762542724503
scenario_09_mb_1_feed_run04,mb_1_feed,50,10,9.299026489257812,-2.105016517639161
scenario_09_mb_1_feed_run04,mb_1_feed,50,11,13.9287691116333,2.5247261047363274
scenario_09_mb_1_feed_run04,mb_1_feed,50,12,12.864541053771973,1.4604980468749993
scenario_09_mb_1_feed_run04,mb_1_feed,50,13,8.96690845489502,-2.437134552001954
scenario_09_mb_1_feed_run04,mb_1_feed,50,14,14.181549072265623,2.77750606536865
scenario_09_mb_2_feed_run00,mb_2_feed,32,0,-21.83559799194336,-2.10911407470703
scenario_09_mb_2_feed_run00,mb_2_feed,32,1,-21.26317977905273,-1.5366958618164013
scenario_09_mb_2_feed_run00,mb_2_feed,32,2,-13.50517463684082,6.221309280395509
scenario_09_mb_2_feed_run00,mb_2_feed,32,3,-21.28668785095215,-1.560203933715819
scenario_09_mb_2_feed_run00,mb_2_feed,32,4,-20.741779327392575,-1.015295410156245
scenario_09_mb_2_feed_run00,mb_2_feed,32,5,-20.9063777923584,-1.179893875122069
scenario_09_mb_2_feed_run00,mb_2_feed,32,6,-20.86521339416504,-1.1387294769287095
scenario_09_mb_2_feed_run00,mb_2_feed,32,7,-21.82223320007324,-2.095749282836909
scenario_09_mb_2_feed_run00,mb_2_feed,32,8,-21.15391731262207,-1.4274333953857408
scenario_09_mb_2_feed_run00,mb_2_feed,32,9,-21.73921585083008,-2.012731933593752
scenario_09_mb_2_feed_run00,mb_2_feed,32,10,-20.08955383300781,-0.3630699157714794
scenario_09_mb_2_feed_run00,mb_2_feed,32,11,-17.758159637451172,1.9683242797851577
scenario_09_mb_2_feed_run00,mb_2_feed,32,12,-21.940750122070312,-2.214266204833983
scenario_09_mb_2_feed_run00,mb_2_feed,32,13,-21.06451416015625,-1.3380302429199205
scenario_09_mb_2_feed_run00,mb_2_feed,32,14,-20.80194854736328,-1.0754646301269517
scenario_09_mb_2_feed_run00,mb_2_feed,50,0,8.20477294921875,-3.8349695205688477
scenario_09_mb_2_feed_run00,mb_2_feed,50,1,6.5765581130981445,-5.463184356689453
scenario_09_mb_2_feed_run00,mb_2_feed,50,2,24.734373092651367,12.69463062286377
scenario_09_mb_2_feed_run00,mb_2_feed,50,3,8.56198501586914,-3.477757453918457
scenario_09_mb_2_feed_run00,mb_2_feed,50,4,12.121023178100586,0.08128070831298828
scenario_09_mb_2_feed_run00,mb_2_feed,50,5,6.322355270385742,-5.7173871994018555
scenario_09_mb_2_feed_run00,mb_2_feed,50,6,10.783842086791992,-1.2559003829956055
scenario_09_mb_2_feed_run00,mb_2_feed,50,7,6.628252983093262,-5.411489486694336
scenario_09_mb_2_feed_run00,mb_2_feed,50,8,12.478559494018556,0.4388170242309588
scenario_09_mb_2_feed_run00,mb_2_feed,50,9,2.442293167114258,-9.59744930267334
scenario_09_mb_2_feed_run00,mb_2_feed,50,10,12.644512176513672,0.6047697067260742
scenario_09_mb_2_feed_run00,mb_2_feed,50,11,15.466989517211914,3.4272470474243164
scenario_09_mb_2_feed_run00,mb_2_feed,50,12,8.216264724731445,-3.8234777450561523
scenario_09_mb_2_feed_run00,mb_2_feed,50,13,6.89902925491333,-5.140713214874268
scenario_09_mb_2_feed_run00,mb_2_feed,50,14,7.142414569854736,-4.897327899932861
scenario_09_mb_2_feed_run01,mb_2_feed,32,0,-13.50517463684082,6.3133720397949205
scenario_09_mb_2_feed_run01,mb_2_feed,32,1,-21.83559799194336,-2.0170513153076186
scenario_09_mb_2_feed_run01,mb_2_feed,32,2,-21.82223320007324,-2.003686523437498
scenario_09_mb_2_feed_run01,mb_2_feed,32,3,-20.86521339416504,-1.0466667175292983
scenario_09_mb_2_feed_run01,mb_2_feed,32,4,-21.06451416015625,-1.2459674835205092
scenario_09_mb_2_feed_run01,mb_2_feed,32,5,-21.73921585083008,-1.920669174194341
scenario_09_mb_2_feed_run01,mb_2_feed,32,6,-21.26317977905273,-1.44463310241699
scenario_09_mb_2_feed_run01,mb_2_feed,32,7,-17.758159637451172,2.060387039184569
scenario_09_mb_2_feed_run01,mb_2_feed,32,8,-21.15391731262207,-1.3353706359863295
scenario_09_mb_2_feed_run01,mb_2_feed,32,9,-21.940750122070312,-2.1222034454345717
scenario_09_mb_2_feed_run01,mb_2_feed,32,10,-20.08955383300781,-0.2710071563720682
scenario_09_mb_2_feed_run01,mb_2_feed,32,11,-21.28668785095215,-1.4681411743164077
scenario_09_mb_2_feed_run01,mb_2_feed,32,12,-20.9063777923584,-1.0878311157226577
scenario_09_mb_2_feed_run01,mb_2_feed,32,13,-20.80194854736328,-0.9834018707275405
scenario_09_mb_2_feed_run01,mb_2_feed,32,14,-20.741779327392575,-0.9232326507568338
scenario_09_mb_2_feed_run01,mb_2_feed,50,0,24.734373092651367,13.284319019317627
scenario_09_mb_2_feed_run01,mb_2_feed,50,1,8.20477294921875,-3.2452811241149906
scenario_09_mb_2_feed_run01,mb_2_feed,50,2,6.628252983093262,-4.821801090240479
scenario_09_mb_2_feed_run01,mb_2_feed,50,3,10.783842086791992,-0.6662119865417484
scenario_09_mb_2_feed_run01,mb_2_feed,50,4,6.89902925491333,-4.5510248184204105
scenario_09_mb_2_feed_run01,mb_2_feed,50,5,2.442293167114258,-9.007760906219483
scenario_09_mb_2_feed_run01,mb_2_feed,50,6,6.5765581130981445,-4.873495960235596
scenario_09_mb_2_feed_run01,mb_2_feed,50,7,15.466989517211914,4.0169354438781735
scenario_09_mb_2_feed_run01,mb_2_feed,50,8,12.478559494018556,1.0285054206848159
scenario_09_mb_2_feed_run01,mb_2_feed,50,9,8.216264724731445,-3.2337893486022953
scenario_09_mb_2_feed_run01,mb_2_feed,50,10,12.644512176513672,1.1944581031799313
scenario_09_mb_2_feed_run01,mb_2_feed,50,11,8.56198501586914,-2.8880690574646
scenario_09_mb_2_feed_run01,mb_2_feed,50,12,6.322355270385742,-5.127698802947998
scenario_09_mb_2_feed_run01,mb_2_feed,50,13,7.142414569854736,-4.307639503479004
scenario_09_mb_2_feed_run01,mb_2_feed,50,14,12.121023178100586,0.6709691047668453
scenario_09_mb_2_feed_run02,mb_2_feed,32,0,-21.73921585083008,-0.35955810546875355
scenario_09_mb_2_feed_run02,mb_2_feed,32,1,-20.9063777923584,0.4732799530029297
scenario_09_mb_2_feed_run02,mb_2_feed,32,2,-21.83559799194336,-0.45594024658203125
scenario_09_mb_2_feed_run02,mb_2_feed,32,3,-21.26317977905273,0.1164779663085973
scenario_09_mb_2_feed_run02,mb_2_feed,32,4,-21.15391731262207,0.2257404327392578
scenario_09_mb_2_feed_run02,mb_2_feed,32,5,-20.08955383300781,1.2901039123535192
scenario_09_mb_2_feed_run02,mb_2_feed,32,6,-21.82223320007324,-0.4425754547119105
scenario_09_mb_2_feed_run02,mb_2_feed,32,7,-21.06451416015625,0.3151435852050781
scenario_09_mb_2_feed_run02,mb_2_feed,32,8,-20.86521339416504,0.5144443511962891
scenario_09_mb_2_feed_run02,mb_2_feed,32,9,-21.28668785095215,0.09296989440917969
scenario_09_mb_2_feed_run02,mb_2_feed,32,10,-13.50517463684082,7.874483108520508
scenario_09_mb_2_feed_run02,mb_2_feed,32,11,-21.940750122070312,-0.5610923767089844
scenario_09_mb_2_feed_run02,mb_2_feed,32,12,-20.741779327392575,0.6378784179687536
scenario_09_mb_2_feed_run02,mb_2_feed,32,13,-20.80194854736328,0.5777091979980469
scenario_09_mb_2_feed_run02,mb_2_feed,32,14,-17.758159637451172,3.6214981079101562
scenario_09_mb_2_feed_run02,mb_2_feed,50,0,2.442293167114258,-4.762614631652832
scenario_09_mb_2_feed_run02,mb_2_feed,50,1,6.322355270385742,-0.882552528381348
scenario_09_mb_2_feed_run02,mb_2_feed,50,2,8.20477294921875,0.9998651504516598
scenario_09_mb_2_feed_run02,mb_2_feed,50,3,6.5765581130981445,-0.6283496856689457
scenario_09_mb_2_feed_run02,mb_2_feed,50,4,12.478559494018556,5.273651695251466
scenario_09_mb_2_feed_run02,mb_2_feed,50,5,12.644512176513672,5.439604377746582
scenario_09_mb_2_feed_run02,mb_2_feed,50,6,6.628252983093262,-0.5766548156738285
scenario_09_mb_2_feed_run02,mb_2_feed,50,7,6.89902925491333,-0.3058785438537601
scenario_09_mb_2_feed_run02,mb_2_feed,50,8,10.783842086791992,3.578934288024902
scenario_09_mb_2_feed_run02,mb_2_feed,50,9,8.56198501586914,1.3570772171020504
scenario_09_mb_2_feed_run02,mb_2_feed,50,10,24.734373092651367,17.52946529388428
scenario_09_mb_2_feed_run02,mb_2_feed,50,11,8.216264724731445,1.0113569259643551
scenario_09_mb_2_feed_run02,mb_2_feed,50,12,12.121023178100586,4.916115379333496
scenario_09_mb_2_feed_run02,mb_2_feed,50,13,7.142414569854736,-0.06249322891235387
scenario_09_mb_2_feed_run02,mb_2_feed,50,14,15.466989517211914,8.262081718444824
scenario_09_mb_2_feed_run03,mb_2_feed,32,0,-21.26317977905273,-1.588373184204098
scenario_09_mb_2_feed_run03,mb_2_feed,32,1,-21.73921585083008,-2.064409255981449
scenario_09_mb_2_feed_run03,mb_2_feed,32,2,-21.06451416015625,-1.3897075653076172
scenario_09_mb_2_feed_run03,mb_2_feed,32,3,-20.80194854736328,-1.1271419525146484
scenario_09_mb_2_feed_run03,mb_2_feed,32,4,-13.50517463684082,6.1696319580078125
scenario_09_mb_2_feed_run03,mb_2_feed,32,5,-20.741779327392575,-1.0669727325439418
scenario_09_mb_2_feed_run03,mb_2_feed,32,6,-20.86521339416504,-1.1904067993164062
scenario_09_mb_2_feed_run03,mb_2_feed,32,7,-21.83559799194336,-2.1607913970947266
scenario_09_mb_2_feed_run03,mb_2_feed,32,8,-20.9063777923584,-1.2315711975097656
scenario_09_mb_2_feed_run03,mb_2_feed,32,9,-21.15391731262207,-1.4791107177734375
scenario_09_mb_2_feed_run03,mb_2_feed,32,10,-17.758159637451172,1.916646957397461
scenario_09_mb_2_feed_run03,mb_2_feed,32,11,-21.28668785095215,-1.6118812561035156
scenario_09_mb_2_feed_run03,mb_2_feed,32,12,-21.940750122070312,-2.2659435272216797
scenario_09_mb_2_feed_run03,mb_2_feed,32,13,-21.82223320007324,-2.147426605224606
scenario_09_mb_2_feed_run03,mb_2_feed,32,14,-20.08955383300781,-0.41474723815917613
scenario_09_mb_2_feed_run03,mb_2_feed,50,0,6.5765581130981445,-2.982375526428223
scenario_09_mb_2_feed_run03,mb_2_feed,50,1,2.442293167114258,-7.11664047241211
scenario_09_mb_2_feed_run03,mb_2_feed,50,2,6.89902925491333,-2.6599043846130375
scenario_09_mb_2_feed_run03,mb_2_feed,50,3,7.142414569854736,-2.416519069671631
scenario_09_mb_2_feed_run03,mb_2_feed,50,4,24.734373092651367,15.175439453125
scenario_09_mb_2_feed_run03,mb_2_feed,50,5,12.121023178100586,2.5620895385742184
scenario_09_mb_2_feed_run03,mb_2_feed,50,6,10.783842086791992,1.2249084472656246
scenario_09_mb_2_feed_run03,mb_2_feed,50,7,8.20477294921875,-1.3541606903076175
scenario_09_mb_2_feed_run03,mb_2_feed,50,8,6.322355270385742,-3.2365783691406254
scenario_09_mb_2_feed_run03,mb_2_feed,50,9,12.478559494018556,2.919625854492189
scenario_09_mb_2_feed_run03,mb_2_feed,50,10,15.466989517211914,5.9080558776855465
scenario_09_mb_2_feed_run03,mb_2_feed,50,11,8.56198501586914,-0.9969486236572269
scenario_09_mb_2_feed_run03,mb_2_feed,50,12,8.216264724731445,-1.3426689147949222
scenario_09_mb_2_feed_run03,mb_2_feed,50,13,6.628252983093262,-2.930680656433106
scenario_09_mb_2_feed_run03,mb_2_feed,50,14,12.644512176513672,3.0855785369873043
scenario_09_mb_2_feed_run04,mb_2_feed,32,0,-21.83559799194336,-1.1034645080566392
scenario_09_mb_2_feed_run04,mb_2_feed,32,1,-21.26317977905273,-0.5310462951660107
scenario_09_mb_2_feed_run04,mb_2_feed,32,2,-21.06451416015625,-0.33238067626952983
scenario_09_mb_2_feed_run04,mb_2_feed,32,3,-21.73921585083008,-1.0070823669433615
scenario_09_mb_2_feed_run04,mb_2_feed,32,4,-17.758159637451172,2.9739738464355483
scenario_09_mb_2_feed_run04,mb_2_feed,32,5,-20.9063777923584,-0.17424430847167827
scenario_09_mb_2_feed_run04,mb_2_feed,32,6,-21.28668785095215,-0.5545543670654283
scenario_09_mb_2_feed_run04,mb_2_feed,32,7,-20.86521339416504,-0.1330799102783189
scenario_09_mb_2_feed_run04,mb_2_feed,32,8,-21.82223320007324,-1.0900997161865185
scenario_09_mb_2_feed_run04,mb_2_feed,32,9,-21.15391731262207,-0.42178382873535014
scenario_09_mb_2_feed_run04,mb_2_feed,32,10,-21.940750122070312,-1.2086166381835923
scenario_09_mb_2_feed_run04,mb_2_feed,32,11,-20.741779327392575,-0.009645843505854401
scenario_09_mb_2_feed_run04,mb_2_feed,32,12,-20.80194854736328,-0.06981506347656108
scenario_09_mb_2_feed_run04,mb_2_feed,32,13,-13.50517463684082,7.2269588470459
scenario_09_mb_2_feed_run04,mb_2_feed,32,14,-20.08955383300781,0.6425796508789112
scenario_09_mb_2_feed_run04,mb_2_feed,50,0,8.20477294921875,0.28684434890747035
scenario_09_mb_2_feed_run04,mb_2_feed,50,1,6.5765581130981445,-1.3413704872131351
scenario_09_mb_2_feed_run04,mb_2_feed,50,2,6.89902925491333,-1.0188993453979496
scenario_09_mb_2_feed_run04,mb_2_feed,50,3,2.442293167114258,-5.475635433197022
scenario_09_mb_2_feed_run04,mb_2_feed,50,4,15.466989517211914,7.549060916900634
scenario_09_mb_2_feed_run04,mb_2_feed,50,5,6.322355270385742,-1.5955733299255375
scenario_09_mb_2_feed_run04,mb_2_feed,50,6,8.56198501586914,0.644056415557861
scenario_09_mb_2_feed_run04,mb_2_feed,50,7,10.783842086791992,2.8659134864807125
scenario_09_mb_2_feed_run04,mb_2_feed,50,8,6.628252983093262,-1.289675617218018
scenario_09_mb_2_feed_run04,mb_2_feed,50,9,12.478559494018556,4.560630893707277
scenario_09_mb_2_feed_run04,mb_2_feed,50,10,8.216264724731445,0.29833612442016566
scenario_09_mb_2_feed_run04,mb_2_feed,50,11,12.121023178100586,4.203094577789306
scenario_09_mb_2_feed_run04,mb_2_feed,50,12,7.142414569854736,-0.7755140304565433
scenario_09_mb_2_feed_run04,mb_2_feed,50,13,24.734373092651367,16.81644449234009
scenario_09_mb_2_feed_run04,mb_2_feed,50,14,12.644512176513672,4.726583576202392
scenario_09_mb_3_feed_run00,mb_3_feed,32,0,-19.398021697998047,-0.9964725494384759
scenario_09_mb_3_feed_run00,mb_3_feed,32,1,-18.27994155883789,0.1216075897216804
scenario_09_mb_3_feed_run00,mb_3_feed,32,2,-18.824350357055664,-0.42280120849609304
scenario_09_mb_3_feed_run00,mb_3_feed,32,3,-18.06485366821289,0.3366954803466804
scenario_09_mb_3_feed_run00,mb_3_feed,32,4,-17.44057846069336,0.9609706878662116
scenario_09_mb_3_feed_run00,mb_3_feed,32,5,-18.234939575195312,0.16660957336425852
scenario_09_mb_3_feed_run00,mb_3_feed,32,6,-15.107342720031738,3.2942064285278327
scenario_09_mb_3_feed_run00,mb_3_feed,32,7,-18.366655349731445,0.03489379882812571
scenario_09_mb_3_feed_run00,mb_3_feed,32,8,-17.09469985961914,1.3068492889404304
scenario_09_mb_3_feed_run00,mb_3_feed,32,9,-17.82671356201172,0.5748355865478523
scenario_09_mb_3_feed_run00,mb_3_feed,32,10,-10.709391593933104,7.692157554626467
scenario_09_mb_3_feed_run00,mb_3_feed,32,11,-21.783639907836918,-3.3820907592773466
scenario_09_mb_3_feed_run00,mb_3_feed,32,12,-20.732860565185547,-2.331311416625976
scenario_09_mb_3_feed_run00,mb_3_feed,32,13,-21.555871963500977,-3.1543228149414055
scenario_09_mb_3_feed_run00,mb_3_feed,32,14,-20.94676780700684,-2.5452186584472685
scenario_09_mb_3_feed_run00,mb_3_feed,50,0,11.385848999023438,-2.607464218139649
scenario_09_mb_3_feed_run00,mb_3_feed,50,1,17.866474151611328,3.873160934448242
scenario_09_mb_3_feed_run00,mb_3_feed,50,2,13.986769676208496,-0.006543540954590199
scenario_09_mb_3_feed_run00,mb_3_feed,50,3,9.94726848602295,-4.046044731140137
scenario_09_mb_3_feed_run00,mb_3_feed,50,4,16.78020477294922,2.7868915557861325
scenario_09_mb_3_feed_run00,mb_3_feed,50,5,18.328998565673828,4.335685348510742
scenario_09_mb_3_feed_run00,mb_3_feed,50,6,20.037765502929688,6.044452285766601
scenario_09_mb_3_feed_run00,mb_3_feed,50,7,16.763652801513672,2.7703395843505856
scenario_09_mb_3_feed_run00,mb_3_feed,50,8,14.915802001953123,0.9224887847900369
scenario_09_mb_3_feed_run00,mb_3_feed,50,9,16.587615966796875,2.5943027496337887
scenario_09_mb_3_feed_run00,mb_3_feed,50,10,27.361066818237305,13.367753601074218
scenario_09_mb_3_feed_run00,mb_3_feed,50,11,12.186176300048828,-1.8071369171142582
scenario_09_mb_3_feed_run00,mb_3_feed,50,12,12.6754150390625,-1.3178981781005863
scenario_09_mb_3_feed_run00,mb_3_feed,50,13,11.566343307495115,-2.426969909667971
scenario_09_mb_3_feed_run00,mb_3_feed,50,14,13.025537490844728,-0.967775726318358
scenario_09_mb_3_feed_run01,mb_3_feed,32,0,-18.234939575195312,1.6700447082519538
scenario_09_mb_3_feed_run01,mb_3_feed,32,1,-21.783639907836918,-1.8786556243896513
scenario_09_mb_3_feed_run01,mb_3_feed,32,2,-20.94676780700684,-1.0417835235595732
scenario_09_mb_3_feed_run01,mb_3_feed,32,3,-17.82671356201172,2.0782707214355476
scenario_09_mb_3_feed_run01,mb_3_feed,32,4,-20.732860565185547,-0.8278762817382805
scenario_09_mb_3_feed_run01,mb_3_feed,32,5,-21.555871963500977,-1.6508876800537102
scenario_09_mb_3_feed_run01,mb_3_feed,32,6,-18.824350357055664,1.0806339263916023
scenario_09_mb_3_feed_run01,mb_3_feed,32,7,-18.366655349731445,1.538328933715821
scenario_09_mb_3_feed_run01,mb_3_feed,32,8,-17.44057846069336,2.464405822753907
scenario_09_mb_3_feed_run01,mb_3_feed,32,9,-18.06485366821289,1.8401306152343757
scenario_09_mb_3_feed_run01,mb_3_feed,32,10,-18.27994155883789,1.6250427246093757
scenario_09_mb_3_feed_run01,mb_3_feed,32,11,-17.09469985961914,2.8102844238281257
scenario_09_mb_3_feed_run01,mb_3_feed,32,12,-15.107342720031738,4.797641563415528
scenario_09_mb_3_feed_run01,mb_3_feed,32,13,-10.709391593933104,9.195592689514163
scenario_09_mb_3_feed_run01,mb_3_feed,32,14,-19.398021697998047,0.5069625854492195
scenario_09_mb_3_feed_run01,mb_3_feed,50,0,18.328998565673828,3.768249893188477
scenario_09_mb_3_feed_run01,mb_3_feed,50,1,12.186176300048828,-2.374572372436523
scenario_09_mb_3_feed_run01,mb_3_feed,50,2,13.025537490844728,-1.5352111816406229
scenario_09_mb_3_feed_run01,mb_3_feed,50,3,16.587615966796875,2.026867294311524
scenario_09_mb_3_feed_run01,mb_3_feed,50,4,12.6754150390625,-1.8853336334228512
scenario_09_mb_3_feed_run01,mb_3_feed,50,5,11.566343307495115,-2.994405364990236
scenario_09_mb_3_feed_run01,mb_3_feed,50,6,13.986769676208496,-0.5739789962768551
scenario_09_mb_3_feed_run01,mb_3_feed,50,7,16.763652801513672,2.2029041290283207
scenario_09_mb_3_feed_run01,mb_3_feed,50,8,16.78020477294922,2.2194561004638675
scenario_09_mb_3_feed_run01,mb_3_feed,50,9,9.94726848602295,-4.613480186462402
scenario_09_mb_3_feed_run01,mb_3_feed,50,10,17.866474151611328,3.305725479125977
scenario_09_mb_3_feed_run01,mb_3_feed,50,11,14.915802001953123,0.355053329467772
scenario_09_mb_3_feed_run01,mb_3_feed,50,12,20.037765502929688,5.477016830444336
scenario_09_mb_3_feed_run01,mb_3_feed,50,13,27.361066818237305,12.800318145751953
scenario_09_mb_3_feed_run01,mb_3_feed,50,14,11.385848999023438,-3.1748996734619137
scenario_09_mb_3_feed_run02,mb_3_feed,32,0,-17.82671356201172,0.16003456115722514
scenario_09_mb_3_feed_run02,mb_3_feed,32,1,-18.234939575195312,-0.2481914520263686
scenario_09_mb_3_feed_run02,mb_3_feed,32,2,-17.44057846069336,0.5461696624755845
scenario_09_mb_3_feed_run02,mb_3_feed,32,3,-18.06485366821289,-0.07810554504394673
scenario_09_mb_3_feed_run02,mb_3_feed,32,4,-18.366655349731445,-0.3799072265625014
scenario_09_mb_3_feed_run02,mb_3_feed,32,5,-18.27994155883789,-0.29319343566894673
scenario_09_mb_3_feed_run02,mb_3_feed,32,6,-15.107342720031738,2.8794054031372056
scenario_09_mb_3_feed_run02,mb_3_feed,32,7,-21.783639907836918,-3.7968917846679737
scenario_09_mb_3_feed_run02,mb_3_feed,32,8,-20.732860565185547,-2.746112442016603
scenario_09_mb_3_feed_run02,mb_3_feed,32,9,-18.824350357055664,-0.8376022338867202
scenario_09_mb_3_feed_run02,mb_3_feed,32,10,-17.09469985961914,0.8920482635498033
scenario_09_mb_3_feed_run02,mb_3_feed,32,11,-10.709391593933104,7.27735652923584
scenario_09_mb_3_feed_run02,mb_3_feed,32,12,-21.555871963500977,-3.5691238403320327
scenario_09_mb_3_feed_run02,mb_3_feed,32,13,-20.94676780700684,-2.9600196838378956
scenario_09_mb_3_feed_run02,mb_3_feed,32,14,-19.398021697998047,-1.411273574829103
scenario_09_mb_3_feed_run02,mb_3_feed,50,0,16.587615966796875,0.9060678482055664
scenario_09_mb_3_feed_run02,mb_3_feed,50,1,18.328998565673828,2.6474504470825195
scenario_09_mb_3_feed_run02,mb_3_feed,50,2,16.78020477294922,1.0986566543579102
scenario_09_mb_3_feed_run02,mb_3_feed,50,3,9.94726848602295,-5.734279632568359
scenario_09_mb_3_feed_run02,mb_3_feed,50,4,16.763652801513672,1.0821046829223633
scenario_09_mb_3_feed_run02,mb_3_feed,50,5,17.866474151611328,2.1849260330200195
scenario_09_mb_3_feed_run02,mb_3_feed,50,6,20.037765502929688,4.356217384338379
scenario_09_mb_3_feed_run02,mb_3_feed,50,7,12.186176300048828,-3.4953718185424805
scenario_09_mb_3_feed_run02,mb_3_feed,50,8,12.6754150390625,-3.0061330795288086
scenario_09_mb_3_feed_run02,mb_3_feed,50,9,13.986769676208496,-1.6947784423828125
scenario_09_mb_3_feed_run02,mb_3_feed,50,10,14.915802001953123,-0.7657461166381854
scenario_09_mb_3_feed_run02,mb_3_feed,50,11,27.361066818237305,11.679518699645996
scenario_09_mb_3_feed_run02,mb_3_feed,50,12,11.566343307495115,-4.115204811096193
scenario_09_mb_3_feed_run02,mb_3_feed,50,13,13.025537490844728,-2.6560106277465803
scenario_09_mb_3_feed_run02,mb_3_feed,50,14,11.385848999023438,-4.295699119567871
scenario_09_mb_3_feed_run03,mb_3_feed,32,0,-17.09469985961914,0.6226346969604499
scenario_09_mb_3_feed_run03,mb_3_feed,32,1,-21.555871963500977,-3.838537406921386
scenario_09_mb_3_feed_run03,mb_3_feed,32,2,-10.709391593933104,7.007942962646487
scenario_09_mb_3_feed_run03,mb_3_feed,32,3,-20.94676780700684,-3.229433250427249
scenario_09_mb_3_feed_run03,mb_3_feed,32,4,-18.27994155883789,-0.5626070022583001
scenario_09_mb_3_feed_run03,mb_3_feed,32,5,-17.44057846069336,0.2767560958862312
scenario_09_mb_3_feed_run03,mb_3_feed,32,6,-21.783639907836918,-4.066305351257327
scenario_09_mb_3_feed_run03,mb_3_feed,32,7,-18.824350357055664,-1.1070158004760735
scenario_09_mb_3_feed_run03,mb_3_feed,32,8,-18.366655349731445,-0.6493207931518548
scenario_09_mb_3_feed_run03,mb_3_feed,32,9,-20.732860565185547,-3.0155260086059563
scenario_09_mb_3_feed_run03,mb_3_feed,32,10,-15.107342720031738,2.6099918365478523
scenario_09_mb_3_feed_run03,mb_3_feed,32,11,-18.234939575195312,-0.517605018615722
scenario_09_mb_3_feed_run03,mb_3_feed,32,12,-19.398021697998047,-1.6806871414184563
scenario_09_mb_3_feed_run03,mb_3_feed,32,13,-17.82671356201172,-0.1093790054321282
scenario_09_mb_3_feed_run03,mb_3_feed,32,14,-18.06485366821289,-0.34751911163330007
scenario_09_mb_3_feed_run03,mb_3_feed,50,0,14.915802001953123,-2.0312427520751957
scenario_09_mb_3_feed_run03,mb_3_feed,50,1,11.566343307495115,-5.3807014465332035
scenario_09_mb_3_feed_run03,mb_3_feed,50,2,27.361066818237305,10.414022064208986
scenario_09_mb_3_feed_run03,mb_3_feed,50,3,13.025537490844728,-3.9215072631835906
scenario_09_mb_3_feed_run03,mb_3_feed,50,4,17.866474151611328,0.9194293975830092
scenario_09_mb_3_feed_run03,mb_3_feed,50,5,16.78020477294922,-0.16683998107910014
scenario_09_mb_3_feed_run03,mb_3_feed,50,6,12.186176300048828,-4.760868453979491
scenario_09_mb_3_feed_run03,mb_3_feed,50,7,13.986769676208496,-2.960275077819823
scenario_09_mb_3_feed_run03,mb_3_feed,50,8,16.763652801513672,-0.18339195251464702
scenario_09_mb_3_feed_run03,mb_3_feed,50,9,12.6754150390625,-4.271629714965819
scenario_09_mb_3_feed_run03,mb_3_feed,50,10,20.037765502929688,3.0907207489013686
scenario_09_mb_3_feed_run03,mb_3_feed,50,11,18.328998565673828,1.3819538116455092
scenario_09_mb_3_feed_run03,mb_3_feed,50,12,11.385848999023438,-5.561195755004881
scenario_09_mb_3_feed_run03,mb_3_feed,50,13,16.587615966796875,-0.3594287872314439
scenario_09_mb_3_feed_run03,mb_3_feed,50,14,9.94726848602295,-6.99977626800537
scenario_09_mb_3_feed_run04,mb_3_feed,32,0,-17.09469985961914,1.8988395690917983
scenario_09_mb_3_feed_run04,mb_3_feed,32,1,-17.82671356201172,1.1668258666992202
scenario_09_mb_3_feed_run04,mb_3_feed,32,2,-20.732860565185547,-1.739321136474608
scenario_09_mb_3_feed_run04,mb_3_feed,32,3,-20.94676780700684,-1.9532283782959006
scenario_09_mb_3_feed_run04,mb_3_feed,32,4,-18.366655349731445,0.6268840789794936
scenario_09_mb_3_feed_run04,mb_3_feed,32,5,-21.555871963500977,-2.5623325347900376
scenario_09_mb_3_feed_run04,mb_3_feed,32,6,-18.06485366821289,0.9286857604980483
scenario_09_mb_3_feed_run04,mb_3_feed,32,7,-17.44057846069336,1.5529609680175795
scenario_09_mb_3_feed_run04,mb_3_feed,32,8,-10.709391593933104,8.284147834777835
scenario_09_mb_3_feed_run04,mb_3_feed,32,9,-18.234939575195312,0.7585998535156264
scenario_09_mb_3_feed_run04,mb_3_feed,32,10,-19.398021697998047,-0.40448226928710795
scenario_09_mb_3_feed_run04,mb_3_feed,32,11,-15.107342720031738,3.8861967086792006
scenario_09_mb_3_feed_run04,mb_3_feed,32,12,-18.824350357055664,0.16918907165527486
scenario_09_mb_3_feed_run04,mb_3_feed,32,13,-18.27994155883789,0.7135978698730483
scenario_09_mb_3_feed_run04,mb_3_feed,32,14,-21.783639907836918,-2.7901004791259787
scenario_09_mb_3_feed_run04,mb_3_feed,50,0,14.915802001953123,0.12219734191894283
scenario_09_mb_3_feed_run04,mb_3_feed,50,1,16.587615966796875,1.7940113067626946
scenario_09_mb_3_feed_run04,mb_3_feed,50,2,12.6754150390625,-2.1181896209716804
scenario_09_mb_3_feed_run04,mb_3_feed,50,3,13.025537490844728,-1.768067169189452
scenario_09_mb_3_feed_run04,mb_3_feed,50,4,16.763652801513672,1.9700481414794915
scenario_09_mb_3_feed_run04,mb_3_feed,50,5,11.566343307495115,-3.227261352539065
scenario_09_mb_3_feed_run04,mb_3_feed,50,6,9.94726848602295,-4.846336174011231
scenario_09_mb_3_feed_run04,mb_3_feed,50,7,16.78020477294922,1.9866001129150384
scenario_09_mb_3_feed_run04,mb_3_feed,50,8,27.361066818237305,12.567462158203124
scenario_09_mb_3_feed_run04,mb_3_feed,50,9,18.328998565673828,3.5353939056396477
scenario_09_mb_3_feed_run04,mb_3_feed,50,10,11.385848999023438,-3.407755661010743
scenario_09_mb_3_feed_run04,mb_3_feed,50,11,20.037765502929688,5.244160842895507
scenario_09_mb_3_feed_run04,mb_3_feed,50,12,13.986769676208496,-0.8068349838256843
scenario_09_mb_3_feed_run04,mb_3_feed,50,13,17.866474151611328,3.0728694915771477
scenario_09_mb_3_feed_run04,mb_3_feed,50,14,12.186176300048828,-2.6074283599853523
scenario_09_mb_4_feed_run00,mb_4_feed,32,0,-20.26531982421875,-1.163566970825194
scenario_09_mb_4_feed_run00,mb_4_feed,32,1,-19.73902130126953,-0.6372684478759751
scenario_09_mb_4_feed_run00,mb_4_feed,32,2,-16.908172607421875,2.193580245971681
scenario_09_mb_4_feed_run00,mb_4_feed,32,3,-18.878314971923828,0.22343788146972798
scenario_09_mb_4_feed_run00,mb_4_feed,32,4,-19.71793556213379,-0.616182708740233
scenario_09_mb_4_feed_run00,mb_4_feed,32,5,-16.366975784301758,2.7347770690917983
scenario_09_mb_4_feed_run00,mb_4_feed,32,6,-21.43551445007324,-2.3337615966796825
scenario_09_mb_4_feed_run00,mb_4_feed,32,7,-19.405353546142575,-0.30360069274901846
scenario_09_mb_4_feed_run00,mb_4_feed,32,8,-21.56071281433105,-2.458959960937495
scenario_09_mb_4_feed_run00,mb_4_feed,32,9,-20.38731384277344,-1.285560989379885
scenario_09_mb_4_feed_run00,mb_4_feed,32,10,-21.11107635498047,-2.0093235015869126
scenario_09_mb_4_feed_run00,mb_4_feed,32,11,-20.112985610961918,-1.0112327575683615
scenario_09_mb_4_feed_run00,mb_4_feed,32,12,-18.589540481567383,0.5122123718261733
scenario_09_mb_4_feed_run00,mb_4_feed,32,13,-18.555578231811523,0.5461746215820327
scenario_09_mb_4_feed_run00,mb_4_feed,32,14,-20.627742767333984,-1.5259899139404283
scenario_09_mb_4_feed_run00,mb_4_feed,50,0,15.712575912475586,1.018107223510743
scenario_09_mb_4_feed_run00,mb_4_feed,50,1,12.163934707641602,-2.5305339813232415
scenario_09_mb_4_feed_run00,mb_4_feed,50,2,17.775798797607422,3.081330108642579
scenario_09_mb_4_feed_run00,mb_4_feed,50,3,12.844085693359377,-1.8503829956054663
scenario_09_mb_4_feed_run00,mb_4_feed,50,4,14.975948333740234,0.28147964477539134
scenario_09_mb_4_feed_run00,mb_4_feed,50,5,21.153812408447266,6.459343719482423
scenario_09_mb_4_feed_run00,mb_4_feed,50,6,13.40557098388672,-1.2888977050781225
scenario_09_mb_4_feed_run00,mb_4_feed,50,7,1.3042206764221191,-13.390248012542724
scenario_09_mb_4_feed_run00,mb_4_feed,50,8,11.272546768188477,-3.4219219207763665
scenario_09_mb_4_feed_run00,mb_4_feed,50,9,8.8333740234375,-5.861094665527343
scenario_09_mb_4_feed_run00,mb_4_feed,50,10,11.459434509277344,-3.2350341796874993
scenario_09_mb_4_feed_run00,mb_4_feed,50,11,10.812322616577148,-3.8821460723876946
scenario_09_mb_4_feed_run00,mb_4_feed,50,12,11.180093765258787,-3.5143749237060558
scenario_09_mb_4_feed_run00,mb_4_feed,50,13,16.055152893066406,1.3606842041015632
scenario_09_mb_4_feed_run00,mb_4_feed,50,14,5.895417213439941,-8.799051475524902
scenario_09_mb_4_feed_run01,mb_4_feed,32,0,-20.112985610961918,-0.2835273742675817
scenario_09_mb_4_feed_run01,mb_4_feed,32,1,-16.908172607421875,2.921285629272461
scenario_09_mb_4_feed_run01,mb_4_feed,32,2,-20.38731384277344,-0.5578556060791051
scenario_09_mb_4_feed_run01,mb_4_feed,32,3,-20.627742767333984,-0.7982845306396484
scenario_09_mb_4_feed_run01,mb_4_feed,32,4,-21.11107635498047,-1.2816181182861328
scenario_09_mb_4_feed_run01,mb_4_feed,32,5,-21.56071281433105,-1.7312545776367152
scenario_09_mb_4_feed_run01,mb_4_feed,32,6,-16.366975784301758,3.462482452392578
scenario_09_mb_4_feed_run01,mb_4_feed,32,7,-20.26531982421875,-0.43586158752441406
scenario_09_mb_4_feed_run01,mb_4_feed,32,8,-18.589540481567383,1.2399177551269531
scenario_09_mb_4_feed_run01,mb_4_feed,32,9,-18.878314971923828,0.9511432647705078
scenario_09_mb_4_feed_run01,mb_4_feed,32,10,-18.555578231811523,1.2738800048828125
scenario_09_mb_4_feed_run01,mb_4_feed,32,11,-19.71793556213379,0.11152267456054688
scenario_09_mb_4_feed_run01,mb_4_feed,32,12,-21.43551445007324,-1.6060562133789027
scenario_09_mb_4_feed_run01,mb_4_feed,32,13,-19.405353546142575,0.42410469055176137
scenario_09_mb_4_feed_run01,mb_4_feed,32,14,-19.73902130126953,0.09043693542480469
scenario_09_mb_4_feed_run01,mb_4_feed,50,0,10.812322616577148,-0.1429468154907223
scenario_09_mb_4_feed_run01,mb_4_feed,50,1,17.775798797607422,6.820529365539551
scenario_09_mb_4_feed_run01,mb_4_feed,50,2,8.8333740234375,-2.1218954086303707
scenario_09_mb_4_feed_run01,mb_4_feed,50,3,5.895417213439941,-5.059852218627929
scenario_09_mb_4_feed_run01,mb_4_feed,50,4,11.459434509277344,0.504165077209473
scenario_09_mb_4_feed_run01,mb_4_feed,50,5,11.272546768188477,0.3172773361206058
scenario_09_mb_4_feed_run01,mb_4_feed,50,6,21.153812408447266,10.198542976379395
scenario_09_mb_4_feed_run01,mb_4_feed,50,7,15.712575912475586,4.757306480407715
scenario_09_mb_4_feed_run01,mb_4_feed,50,8,11.180093765258787,0.22482433319091655
scenario_09_mb_4_feed_run01,mb_4_feed,50,9,12.844085693359377,1.888816261291506
scenario_09_mb_4_feed_run01,mb_4_feed,50,10,16.055152893066406,5.0998834609985355
scenario_09_mb_4_feed_run01,mb_4_feed,50,11,14.975948333740234,4.020678901672364
scenario_09_mb_4_feed_run01,mb_4_feed,50,12,13.40557098388672,2.45030155181885
scenario_09_mb_4_feed_run01,mb_4_feed,50,13,1.3042206764221191,-9.651048755645752
scenario_09_mb_4_feed_run01,mb_4_feed,50,14,12.163934707641602,1.2086652755737308
scenario_09_mb_4_feed_run02,mb_4_feed,32,0,-20.26531982421875,-0.49478721618652344
scenario_09_mb_4_feed_run02,mb_4_feed,32,1,-19.71793556213379,0.0525970458984375
scenario_09_mb_4_feed_run02,mb_4_feed,32,2,-21.43551445007324,-1.664981842041012
scenario_09_mb_4_feed_run02,mb_4_feed,32,3,-18.555578231811523,1.2149543762207031
scenario_09_mb_4_feed_run02,mb_4_feed,32,4,-18.878314971923828,0.8922176361083984
scenario_09_mb_4_feed_run02,mb_4_feed,32,5,-16.908172607421875,2.8623600006103516
scenario_09_mb_4_feed_run02,mb_4_feed,32,6,-20.38731384277344,-0.6167812347412145
scenario_09_mb_4_feed_run02,mb_4_feed,32,7,-19.73902130126953,0.03151130676269531
scenario_09_mb_4_feed_run02,mb_4_feed,32,8,-18.589540481567383,1.1809921264648438
scenario_09_mb_4_feed_run02,mb_4_feed,32,9,-21.56071281433105,-1.7901802062988246
scenario_09_mb_4_feed_run02,mb_4_feed,32,10,-19.405353546142575,0.365179061889652
scenario_09_mb_4_feed_run02,mb_4_feed,32,11,-20.627742767333984,-0.8572101593017578
scenario_09_mb_4_feed_run02,mb_4_feed,32,12,-16.366975784301758,3.4035568237304688
scenario_09_mb_4_feed_run02,mb_4_feed,32,13,-21.11107635498047,-1.3405437469482422
scenario_09_mb_4_feed_run02,mb_4_feed,32,14,-20.112985610961918,-0.34245300292969105
scenario_09_mb_4_feed_run02,mb_4_feed,50,0,15.712575912475586,1.1139091491699222
scenario_09_mb_4_feed_run02,mb_4_feed,50,1,14.975948333740234,0.37728157043457067
scenario_09_mb_4_feed_run02,mb_4_feed,50,2,13.40557098388672,-1.1930957794189432
scenario_09_mb_4_feed_run02,mb_4_feed,50,3,16.055152893066406,1.4564861297607425
scenario_09_mb_4_feed_run02,mb_4_feed,50,4,12.844085693359377,-1.754581069946287
scenario_09_mb_4_feed_run02,mb_4_feed,50,5,17.775798797607422,3.177132034301758
scenario_09_mb_4_feed_run02,mb_4_feed,50,6,8.8333740234375,-5.765292739868164
scenario_09_mb_4_feed_run02,mb_4_feed,50,7,12.163934707641602,-2.434732055664062
scenario_09_mb_4_feed_run02,mb_4_feed,50,8,11.180093765258787,-3.4185729980468764
scenario_09_mb_4_feed_run02,mb_4_feed,50,9,11.272546768188477,-3.326119995117187
scenario_09_mb_4_feed_run02,mb_4_feed,50,10,1.3042206764221191,-13.294446086883545
scenario_09_mb_4_feed_run02,mb_4_feed,50,11,5.895417213439941,-8.703249549865722
scenario_09_mb_4_feed_run02,mb_4_feed,50,12,21.153812408447266,6.555145645141602
scenario_09_mb_4_feed_run02,mb_4_feed,50,13,11.459434509277344,-3.13923225402832
scenario_09_mb_4_feed_run02,mb_4_feed,50,14,10.812322616577148,-3.7863441467285153
scenario_09_mb_4_feed_run03,mb_4_feed,32,0,-16.908172607421875,1.700745773315429
scenario_09_mb_4_feed_run03,mb_4_feed,32,1,-18.589540481567383,0.019377899169921164
scenario_09_mb_4_feed_run03,mb_4_feed,32,2,-18.878314971923828,-0.26939659118652415
scenario_09_mb_4_feed_run03,mb_4_feed,32,3,-18.555578231811523,0.05334014892578054
scenario_09_mb_4_feed_run03,mb_4_feed,32,4,-20.112985610961918,-1.5040672302246136
scenario_09_mb_4_feed_run03,mb_4_feed,32,5,-21.11107635498047,-2.5021579742431648
scenario_09_mb_4_feed_run03,mb_4_feed,32,6,-20.627742767333984,-2.0188243865966804
scenario_09_mb_4_feed_run03,mb_4_feed,32,7,-20.38731384277344,-1.778395462036137
scenario_09_mb_4_feed_run03,mb_4_feed,32,8,-21.43551445007324,-2.8265960693359347
scenario_09_mb_4_feed_run03,mb_4_feed,32,9,-19.71793556213379,-1.109017181396485
scenario_09_mb_4_feed_run03,mb_4_feed,32,10,-21.56071281433105,-2.951794433593747
scenario_09_mb_4_feed_run03,mb_4_feed,32,11,-19.405353546142575,-0.7964351654052706
scenario_09_mb_4_feed_run03,mb_4_feed,32,12,-20.26531982421875,-1.656401443481446
scenario_09_mb_4_feed_run03,mb_4_feed,32,13,-16.366975784301758,2.241942596435546
scenario_09_mb_4_feed_run03,mb_4_feed,32,14,-19.73902130126953,-1.1301029205322273
scenario_09_mb_4_feed_run03,mb_4_feed,50,0,17.775798797607422,4.042308044433593
scenario_09_mb_4_feed_run03,mb_4_feed,50,1,11.180093765258787,-2.5533969879150415
scenario_09_mb_4_feed_run03,mb_4_feed,50,2,12.844085693359377,-0.8894050598144521
scenario_09_mb_4_feed_run03,mb_4_feed,50,3,16.055152893066406,2.3216621398925774
scenario_09_mb_4_feed_run03,mb_4_feed,50,4,10.812322616577148,-2.9211681365966804
scenario_09_mb_4_feed_run03,mb_4_feed,50,5,11.459434509277344,-2.274056243896485
scenario_09_mb_4_feed_run03,mb_4_feed,50,6,5.895417213439941,-7.838073539733887
scenario_09_mb_4_feed_run03,mb_4_feed,50,7,8.8333740234375,-4.900116729736329
scenario_09_mb_4_feed_run03,mb_4_feed,50,8,13.40557098388672,-0.3279197692871083
scenario_09_mb_4_feed_run03,mb_4_feed,50,9,14.975948333740234,1.2424575805664055
scenario_09_mb_4_feed_run03,mb_4_feed,50,10,11.272546768188477,-2.4609439849853523
scenario_09_mb_4_feed_run03,mb_4_feed,50,11,1.3042206764221191,-12.42927007675171
scenario_09_mb_4_feed_run03,mb_4_feed,50,12,15.712575912475586,1.979085159301757
scenario_09_mb_4_feed_run03,mb_4_feed,50,13,21.153812408447266,7.420321655273437
scenario_09_mb_4_feed_run03,mb_4_feed,50,14,12.163934707641602,-1.5695560455322273
scenario_09_mb_4_feed_run04,mb_4_feed,32,0,-19.405353546142575,0.3090324401855504
scenario_09_mb_4_feed_run04,mb_4_feed,32,1,-20.627742767333984,-0.9133567810058594
scenario_09_mb_4_feed_run04,mb_4_feed,32,2,-19.71793556213379,-0.0035495758056640625
scenario_09_mb_4_feed_run04,mb_4_feed,32,3,-20.26531982421875,-0.550933837890625
scenario_09_mb_4_feed_run04,mb_4_feed,32,4,-18.555578231811523,1.1588077545166016
scenario_09_mb_4_feed_run04,mb_4_feed,32,5,-16.908172607421875,2.80621337890625
scenario_09_mb_4_feed_run04,mb_4_feed,32,6,-21.11107635498047,-1.3966903686523438
scenario_09_mb_4_feed_run04,mb_4_feed,32,7,-21.43551445007324,-1.7211284637451136
scenario_09_mb_4_feed_run04,mb_4_feed,32,8,-20.38731384277344,-0.672927856445316
scenario_09_mb_4_feed_run04,mb_4_feed,32,9,-18.878314971923828,0.8360710144042969
scenario_09_mb_4_feed_run04,mb_4_feed,32,10,-21.56071281433105,-1.8463268280029261
scenario_09_mb_4_feed_run04,mb_4_feed,32,11,-18.589540481567383,1.1248455047607422
scenario_09_mb_4_feed_run04,mb_4_feed,32,12,-16.366975784301758,3.347410202026367
scenario_09_mb_4_feed_run04,mb_4_feed,32,13,-19.73902130126953,-0.02463531494140625
scenario_09_mb_4_feed_run04,mb_4_feed,32,14,-20.112985610961918,-0.3985996246337926
scenario_09_mb_4_feed_run04,mb_4_feed,50,0,1.3042206764221191,-9.484442329406738
scenario_09_mb_4_feed_run04,mb_4_feed,50,1,5.895417213439941,-4.893245792388916
scenario_09_mb_4_feed_run04,mb_4_feed,50,2,14.975948333740234,4.187285327911377
scenario_09_mb_4_feed_run04,mb_4_feed,50,3,15.712575912475586,4.923912906646729
scenario_09_mb_4_feed_run04,mb_4_feed,50,4,16.055152893066406,5.266489887237549
scenario_09_mb_4_feed_run04,mb_4_feed,50,5,17.775798797607422,6.987135791778565
scenario_09_mb_4_feed_run04,mb_4_feed,50,6,11.459434509277344,0.6707715034484867
scenario_09_mb_4_feed_run04,mb_4_feed,50,7,13.40557098388672,2.6169079780578635
scenario_09_mb_4_feed_run04,mb_4_feed,50,8,8.8333740234375,-1.955288982391357
scenario_09_mb_4_feed_run04,mb_4_feed,50,9,12.844085693359377,2.0554226875305197
scenario_09_mb_4_feed_run04,mb_4_feed,50,10,11.272546768188477,0.4838837623596195
scenario_09_mb_4_feed_run04,mb_4_feed,50,11,11.180093765258787,0.3914307594299302
scenario_09_mb_4_feed_run04,mb_4_feed,50,12,21.153812408447266,10.365149402618409
scenario_09_mb_4_feed_run04,mb_4_feed,50,13,12.163934707641602,1.3752717018127445
scenario_09_mb_4_feed_run04,mb_4_feed,50,14,10.812322616577148,0.02365961074829137
